source,trial,sq_x,sq_y,point_x_cm,point_y_cm,t_start,t_end,dwell_s,arrived,arrived_during_dwell,latency_s,after_dwell_s,robot_x_cm,robot_y_cm,deduped_from,arrival_error_cm,robot_position_error_cm
trial_01__2026-05-09-00-23-34,1,50.0,50.0,50.5,53.6,1778279019.402,1778279019.91,0.507,1,0,3.402,2.894,46.4,45.8,,5.532,5.532
trial_01__2026-05-09-00-23-34,2,40.0,40.0,40.5,42.2,1778279019.963,1778279020.66,0.697,1,0,1.999,1.302,40.7,35.1,,4.950,4.950
trial_01__2026-05-09-00-23-34,3,70.0,30.0,71.6,25.7,1778279021.136,1778279021.737,0.601,1,0,8.739,8.138,65.3,27.4,,5.371,5.371
trial_01__2026-05-09-00-23-34,4,70.0,10.0,71.8,8.2,1778279022.17,1778279023.004,0.833,0,0,,,48.6,48.7,,,44.223
trial_01__2026-05-09-00-23-34,5,60.0,30.0,58.5,27.5,1778279025.136,1778279026.471,1.334,1,0,3.906,2.572,55.3,28.2,,5.033,5.033
trial_01__2026-05-09-00-23-34,6,60.0,20.0,55.9,23.2,1778279026.471,1778279040.764,14.294,1,1,12.305,0.0,59.4,24.9,,4.937,4.937
trial_02__2026-05-09-00-24-16,1,40.0,10.0,40.5,12.9,1778279088.623,1778279089.467,0.844,1,0,8.532,7.687,41.5,14.9,,5.124,5.124
trial_02__2026-05-09-00-24-16,2,30.0,20.0,33.5,20.5,1778279090.355,1778279090.869,0.514,1,0,11.583,11.069,34.2,24.9,,6.454,6.454
trial_02__2026-05-09-00-24-16,3,30.0,20.0,31.0,17.9,1778279091.735,1778279092.331,0.596,1,0,10.203,9.608,34.2,24.9,,6.454,6.454
trial_02__2026-05-09-00-24-16,4,20.0,10.0,18.7,14.5,1778279092.452,1778279108.334,15.881,1,1,11.634,0.0,24.7,9.9,,4.701,4.701
exp_2026-05-09-01-15-21,1,30.0,20.0,25.8,19.0,1778282160.855,1778282161.51,0.656,1,0,3.356,2.7,34.8,24.4,,6.512,6.512
exp_2026-05-09-01-15-21,2,20.0,20.0,22.3,21.6,1778282161.51,1778282162.089,0.578,1,0,3.397,2.819,24.9,20.7,,4.950,4.950
exp_2026-05-09-01-15-21,3,20.0,30.0,22.0,29.7,1778282162.089,1778282163.403,1.315,1,0,5.282,3.967,24.2,34.9,,6.454,6.454
exp_2026-05-09-01-15-21,4,30.0,30.0,31.1,28.4,1778282163.403,1778282164.868,1.464,1,0,4.116,2.651,25.2,33.0,,5.660,5.660
exp_2026-05-09-01-15-21,5,30.0,20.0,30.4,24.6,1778282164.868,1778282180.906,16.039,1,1,0.023,0.0,26.1,20.8,,3.981,3.981
trial_01_2026-05-09-01-16-14,1,40.0,20.0,36.6,22.3,1778282180.907,1778282181.894,0.987,1,0,1.161,0.174,35.1,20.9,exp_2026-05-09-01-15-21#6;trial_01_2026-05-09-01-16-14#1,4.982,4.982
trial_01_2026-05-09-01-16-14,2,40.0,30.0,40.6,27.9,1778282181.894,1778282183.131,1.237,1,1,0.943,0.0,41.4,25.5,trial_01_2026-05-09-01-16-14#2;exp_2026-05-09-01-15-21#7,4.713,4.713
trial_01_2026-05-09-01-16-14,3,60.0,30.0,60.4,31.9,1778282183.519,1778282184.021,0.502,1,0,3.687,3.185,55.2,31.0,,4.903,4.903
trial_01_2026-05-09-01-16-14,4,70.0,30.0,70.3,29.9,1778282184.021,1778282185.753,1.732,1,0,13.903,12.172,69.2,34.7,exp_2026-05-09-01-15-21#8;trial_01_2026-05-09-01-16-14#4,4.768,4.768
trial_01_2026-05-09-01-16-14,5,60.0,20.0,60.3,21.9,1778282185.753,1778282186.332,0.579,1,0,4.544,3.965,64.6,22.7,exp_2026-05-09-01-15-21#9;trial_01_2026-05-09-01-16-14#5,5.334,5.334
trial_01_2026-05-09-01-16-14,6,50.0,20.0,50.0,17.9,1778282186.332,1778282186.848,0.517,1,1,0.0,0.0,48.9,25.0,exp_2026-05-09-01-15-21#10;trial_01_2026-05-09-01-16-14#6,5.120,5.120
trial_01_2026-05-09-01-16-14,7,40.0,20.0,40.0,15.9,1778282186.848,1778282187.445,0.596,1,0,4.708,4.111,44.4,15.7,exp_2026-05-09-01-15-21#11;trial_01_2026-05-09-01-16-14#7,6.152,6.152
trial_01_2026-05-09-01-16-14,8,20.0,20.0,21.5,21.0,1778282187.952,1778282188.802,0.85,1,0,5.259,4.409,21.9,15.2,exp_2026-05-09-01-15-21#12;trial_01_2026-05-09-01-16-14#8,5.162,5.162
trial_01_2026-05-09-01-16-14,9,20.0,30.0,20.4,25.8,1778282188.802,1778282189.668,0.866,1,0,5.037,4.172,19.0,25.2,trial_01_2026-05-09-01-16-14#9;exp_2026-05-09-01-15-21#13,4.903,4.903
trial_01_2026-05-09-01-16-14,10,40.0,40.0,39.3,44.9,1778282189.782,1778282190.359,0.577,0,0,,,64.6,22.7,exp_2026-05-09-01-15-21#14;trial_01_2026-05-09-01-16-14#10,,30.074
trial_01_2026-05-09-01-16-14,11,50.0,50.0,50.8,45.8,1778282190.37,1778282190.918,0.548,1,0,5.805,5.257,45.1,48.7,exp_2026-05-09-01-15-21#15;trial_01_2026-05-09-01-16-14#11,5.070,5.070
trial_01_2026-05-09-01-16-14,12,60.0,40.0,61.7,39.4,1778282191.312,1778282192.308,0.996,1,0,5.53,4.534,55.5,45.0,exp_2026-05-09-01-15-21#16;trial_01_2026-05-09-01-16-14#12,6.727,6.727
trial_01_2026-05-09-01-16-14,13,40.0,30.0,38.3,28.8,1778282193.69,1778282195.015,1.325,1,0,6.306,4.981,44.9,33.5,exp_2026-05-09-01-15-21#17;trial_01_2026-05-09-01-16-14#13,6.022,6.022
trial_01_2026-05-09-01-16-14,14,50.0,30.0,50.3,30.2,1778282195.015,1778282195.711,0.696,1,0,4.183,3.487,54.7,25.3,trial_01_2026-05-09-01-16-14#14;exp_2026-05-09-01-15-21#18,6.647,6.647
trial_01_2026-05-09-01-16-14,15,60.0,30.0,59.6,27.5,1778282195.711,1778282196.412,0.701,1,0,10.967,10.265,55.4,29.2,exp_2026-05-09-01-15-21#19;trial_01_2026-05-09-01-16-14#15,4.669,4.669
trial_01_2026-05-09-01-16-14,16,70.0,20.0,67.4,20.0,1778282196.43,1778282197.947,1.517,1,0,10.923,9.407,65.1,24.4,exp_2026-05-09-01-15-21#20;trial_01_2026-05-09-01-16-14#16,6.586,6.586
trial_01_2026-05-09-01-16-14,17,60.0,10.0,59.9,0.2,1778282197.947,1778282210.062,12.116,0,0,,,56.9,4.2,trial_01_2026-05-09-01-16-14#17;exp_2026-05-09-01-15-21#21,,6.576
trial_02_2026-05-09-01-16-57,1,30.0,50.0,33.4,50.9,1778282224.96,1778282225.666,0.706,1,0,5.652,4.946,30.7,54.8,trial_02_2026-05-09-01-16-57#1;exp_2026-05-09-01-15-21#22,4.851,4.851
trial_02_2026-05-09-01-16-57,2,30.0,40.0,32.5,39.5,1778282225.666,1778282226.731,1.065,1,0,5.648,4.584,30.1,44.4,trial_02_2026-05-09-01-16-57#2;exp_2026-05-09-01-15-21#23,4.401,4.401
trial_02_2026-05-09-01-16-57,3,40.0,40.0,39.3,36.7,1778282226.731,1778282227.481,0.751,1,0,1.4,0.649,44.9,35.4,exp_2026-05-09-01-15-21#24;trial_02_2026-05-09-01-16-57#3,6.721,6.721
trial_02_2026-05-09-01-16-57,4,50.0,40.0,50.1,39.8,1778282227.481,1778282228.065,0.584,1,0,6.045,5.461,45.7,35.1,exp_2026-05-09-01-15-21#25;trial_02_2026-05-09-01-16-57#4,6.519,6.519
trial_02_2026-05-09-01-16-57,5,60.0,40.0,62.0,38.7,1778282228.065,1778282228.938,0.873,1,0,7.214,6.341,62.8,45.0,exp_2026-05-09-01-15-21#26;trial_02_2026-05-09-01-16-57#5,5.731,5.731
trial_02_2026-05-09-01-16-57,6,60.0,30.0,61.3,33.2,1778282228.938,1778282229.579,0.641,1,0,7.506,6.865,64.9,31.2,trial_02_2026-05-09-01-16-57#6;exp_2026-05-09-01-15-21#27,5.045,5.045
trial_02_2026-05-09-01-16-57,7,50.0,30.0,49.8,29.0,1778282229.579,1778282230.182,0.603,1,0,3.609,3.006,45.1,31.1,trial_02_2026-05-09-01-16-57#7;exp_2026-05-09-01-15-21#28,5.022,5.022
trial_02_2026-05-09-01-16-57,8,30.0,20.0,30.0,23.6,1778282230.794,1778282231.38,0.586,1,0,8.492,7.906,31.9,24.8,exp_2026-05-09-01-15-21#29;trial_02_2026-05-09-01-16-57#8,5.162,5.162
trial_02_2026-05-09-01-16-57,9,20.0,30.0,20.6,29.5,1778282231.512,1778282232.532,1.02,1,0,9.119,8.099,16.7,25.1,exp_2026-05-09-01-15-21#30;trial_02_2026-05-09-01-16-57#9,5.908,5.908
trial_02_2026-05-09-01-16-57,10,60.0,30.0,58.5,33.6,1778282234.314,1778282234.915,0.601,1,0,2.13,1.529,64.9,31.2,trial_02_2026-05-09-01-16-57#10;exp_2026-05-09-01-15-21#31,5.045,5.045
trial_02_2026-05-09-01-16-57,11,50.0,30.0,51.0,32.3,1778282234.915,1778282235.43,0.515,1,0,2.876,2.362,49.5,25.0,exp_2026-05-09-01-15-21#32;trial_02_2026-05-09-01-16-57#11,5.025,5.025
trial_02_2026-05-09-01-16-57,12,40.0,30.0,39.8,32.0,1778282235.43,1778282236.022,0.592,1,0,2.816,2.224,44.9,28.9,exp_2026-05-09-01-15-21#33;trial_02_2026-05-09-01-16-57#12,5.022,5.022
trial_02_2026-05-09-01-16-57,13,20.0,30.0,19.0,31.7,1778282236.505,1778282237.034,0.529,1,0,4.126,3.597,16.7,25.1,exp_2026-05-09-01-15-21#34;trial_02_2026-05-09-01-16-57#13,5.908,5.908
trial_02_2026-05-09-01-16-57,14,10.0,30.0,12.4,31.6,1778282237.034,1778282237.89,0.856,1,0,12.098,11.242,14.6,32.8,exp_2026-05-09-01-15-21#35;trial_02_2026-05-09-01-16-57#14,5.385,5.385
trial_02_2026-05-09-01-16-57,15,20.0,50.0,21.3,47.7,1778282238.545,1778282239.17,0.625,1,0,12.9,12.275,15.4,46.1,trial_02_2026-05-09-01-16-57#15;exp_2026-05-09-01-15-21#36,6.031,6.031
trial_02_2026-05-09-01-16-57,16,30.0,50.0,29.7,50.6,1778282239.17,1778282239.737,0.567,1,0,13.008,12.441,25.3,52.0,exp_2026-05-09-01-15-21#37;trial_02_2026-05-09-01-16-57#16,5.108,5.108
trial_02_2026-05-09-01-16-57,17,70.0,40.0,73.9,39.8,1778282241.096,1778282241.83,0.734,1,0,13.625,12.891,65.0,44.0,exp_2026-05-09-01-15-21#38;trial_02_2026-05-09-01-16-57#17,6.403,6.403
trial_02_2026-05-09-01-16-57,18,60.0,30.0,60.9,27.5,1778282242.275,1778282242.98,0.705,1,0,2.12,1.415,55.3,34.5,exp_2026-05-09-01-15-21#39;trial_02_2026-05-09-01-16-57#18,6.507,6.507
trial_02_2026-05-09-01-16-57,19,50.0,20.0,51.2,20.4,1778282243.259,1778282244.117,0.858,1,0,15.071,14.213,54.7,22.7,trial_02_2026-05-09-01-16-57#19;exp_2026-05-09-01-15-21#40,5.420,5.420
trial_02_2026-05-09-01-16-57,20,20.0,20.0,19.7,18.1,1778282244.771,1778282245.337,0.566,1,0,15.661,15.095,24.7,17.2,exp_2026-05-09-01-15-21#41;trial_02_2026-05-09-01-16-57#20,5.471,5.471
trial_02_2026-05-09-01-16-57,21,10.0,20.0,9.6,18.6,1778282245.337,1778282267.557,22.22,1,1,15.705,0.0,14.6,23.0,exp_2026-05-09-01-15-21#42;trial_02_2026-05-09-01-16-57#21,5.492,5.492
exp_2026-05-09-01-15-21,43,60.0,50.0,61.4,59.1,1778282272.494,1778282273.613,1.119,0,0,,,3.7,13.9,,,66.880
