target,height_cm,trial,u_gt,v_gt,u_mean,v_mean,u_std,v_std,n_samples,error_mm,latency_mean_ms,latency_std_ms
1,10,1,0.206,0.222,0.1912,0.1514,0.0015,0.0108,183,44.2,47.3,12.7
1,10,2,0.206,0.222,0.187,0.1257,0.0054,0.0094,248,60.0,47.8,13.7
1,10,3,0.206,0.222,0.1906,0.106,0.0052,0.0094,204,70.9,47.7,12.8
1,10,4,0.206,0.222,0.181,0.0975,0.0052,0.0134,186,77.7,49.3,12.9
1,10,5,0.206,0.222,0.1937,0.0941,0.0029,0.0074,164,77.4,47.5,12.0
2,10,1,0.5,0.222,0.4724,0.0924,0.0046,0.0218,86,81.2,48.9,12.2
2,10,2,0.5,0.222,0.4706,0.088,0.0016,0.0093,161,84.2,47.5,11.6
2,10,3,0.5,0.222,0.4678,0.0931,0.0015,0.0138,193,82.1,48.3,11.4
2,10,4,0.5,0.222,0.4634,0.0832,0.0014,0.0186,212,88.9,45.8,9.9
2,10,5,0.5,0.222,0.4445,0.0809,0.0098,0.013,100,96.9,47.8,12.1
3,10,1,0.794,0.222,0.7699,0.1535,0.007,0.0113,124,45.9,48.5,14.4
3,10,2,0.794,0.222,0.7541,0.1247,0.0046,0.0241,173,67.5,47.9,11.3
3,10,3,0.794,0.222,0.7448,0.1384,0.0044,0.0096,160,65.3,48.5,12.1
3,10,4,0.794,0.222,0.7526,0.1456,0.0045,0.0105,134,57.8,51.8,16.6
3,10,5,0.794,0.222,0.7374,0.1302,0.0037,0.0099,134,73.1,50.9,14.4
4,10,1,0.206,0.5,0.1701,0.3556,0.0029,0.0094,131,91.8,48.0,12.7
4,10,2,0.206,0.5,0.175,0.355,0.0036,0.0033,188,90.9,53.2,16.6
4,10,3,0.206,0.5,0.1727,0.3347,0.0051,0.0099,283,103.1,49.6,13.6
4,10,4,0.206,0.5,0.1783,0.3324,0.0031,0.0083,113,103.3,49.5,13.2
4,10,5,0.206,0.5,0.1791,0.3231,0.0057,0.0083,122,108.6,52.5,14.4
5,10,1,0.5,0.5,0.4608,0.3056,0.0037,0.0173,127,121.3,48.9,13.9
5,10,2,0.5,0.5,0.4518,0.3141,0.0044,0.0077,110,118.9,49.5,14.4
5,10,3,0.5,0.5,0.4764,0.3177,0.0077,0.0177,172,111.2,50.6,14.1
5,10,4,0.5,0.5,0.4673,0.3394,0.0031,0.0056,162,100.3,48.8,12.9
5,10,5,0.5,0.5,0.4573,0.3308,0.0056,0.004,174,107.8,50.0,14.4
6,10,1,0.794,0.5,0.773,0.3743,0.0074,0.0268,139,77.5,52.2,14.8
6,10,2,0.794,0.5,0.7692,0.3401,0.0012,0.0174,114,98.2,47.9,11.3
6,10,3,0.794,0.5,0.7645,0.3486,0.0014,0.0084,150,94.2,49.9,13.7
6,10,4,0.794,0.5,0.7628,0.3427,0.0021,0.004,156,98.0,50.3,15.5
6,10,5,0.794,0.5,0.7668,0.3369,0.0017,0.0044,112,100.6,53.6,18.0
7,10,1,0.206,0.778,0.1681,0.6703,0.0143,0.0119,173,72.2,47.0,11.7
7,10,2,0.206,0.778,0.1745,0.6565,0.0058,0.0085,123,77.7,48.4,12.6
7,10,3,0.206,0.778,0.1694,0.6359,0.0042,0.009,172,90.7,51.1,14.6
7,10,4,0.206,0.778,0.1808,0.642,0.0061,0.0089,102,84.4,48.9,13.0
7,10,5,0.206,0.778,0.1892,0.6329,0.0026,0.0079,139,88.2,52.5,17.2
8,10,1,0.5,0.778,0.4836,0.6937,0.007,0.0125,154,52.5,50.9,14.7
8,10,2,0.5,0.778,0.485,0.6816,0.0049,0.0057,195,59.2,49.9,13.4
8,10,3,0.5,0.778,0.481,0.6762,0.0026,0.0066,170,63.2,52.9,15.1
8,10,4,0.5,0.778,0.4672,0.6608,0.0027,0.0059,152,75.7,53.6,16.0
8,10,5,0.5,0.778,0.4806,0.6489,0.0041,0.0104,188,79.2,51.1,13.7
9,10,1,0.794,0.778,0.766,0.7019,0.0041,0.0137,158,51.5,50.0,15.7
9,10,2,0.794,0.778,0.7612,0.6812,0.0012,0.0159,119,64.4,51.5,15.2
9,10,3,0.794,0.778,0.7589,0.6427,0.001,0.0166,133,86.5,51.2,14.9
9,10,4,0.794,0.778,0.7611,0.6753,0.0015,0.0108,148,67.6,50.3,15.9
9,10,5,0.794,0.778,0.7611,0.6894,0.0017,0.0132,211,60.1,47.6,12.2
1,30,1,0.206,0.222,0.1439,0.1517,0.014,0.1849,134,67.6,57.9,18.6
1,30,2,0.206,0.222,0.1335,0.0247,0.0024,0.0127,274,133.5,46.9,11.2
1,30,3,0.206,0.222,0.1356,0.0242,0.0057,0.009,122,132.9,48.4,12.1
1,30,4,0.206,0.222,0.614,0.8717,0.0498,0.0596,16,521.8,62.6,16.5
1,30,5,0.206,0.222,0.7402,0.9419,0.0403,0.0165,19,626.7,43.1,6.9
2,30,1,0.5,0.222,0.4565,0.0723,0.0096,0.0254,245,97.1,58.4,17.4
2,30,2,0.5,0.222,0.4706,0.0478,0.0043,0.017,154,107.4,59.9,18.2
2,30,3,0.5,0.222,0.4513,0.228,0.0124,0.145,142,41.5,64.9,20.5
2,30,4,0.5,0.222,0.4603,0.2057,0.033,0.1503,143,35.1,58.9,16.7
2,30,5,0.5,0.222,0.4593,0.1305,0.0078,0.0829,117,64.9,59.0,18.1
3,30,1,0.794,0.222,0.7611,0.1483,0.0064,0.0419,104,52.3,61.2,18.1
3,30,2,0.794,0.222,0.757,0.1035,0.0097,0.0337,149,77.7,60.4,17.8
3,30,3,0.794,0.222,0.7662,0.152,0.0043,0.03,104,48.2,58.3,15.1
3,30,4,0.794,0.222,0.7694,0.193,0.0103,0.0986,120,27.2,61.6,21.0
3,30,5,0.794,0.222,0.788,0.1147,0.023,0.0797,121,64.6,56.1,15.3
4,30,1,0.206,0.5,0.1659,0.2101,0.0331,0.0979,154,177.3,57.2,15.8
4,30,2,0.206,0.5,0.181,0.3122,0.0212,0.1269,216,114.6,60.7,16.7
4,30,3,0.206,0.5,0.1591,0.4359,0.0124,0.0584,95,55.4,53.9,14.8
4,30,4,0.206,0.5,0.1693,0.4221,0.0142,0.0988,141,56.2,57.9,14.7
4,30,5,0.206,0.5,0.1646,0.4901,0.0171,0.1337,163,35.7,58.9,17.1
5,30,1,0.5,0.5,0.4804,0.4479,0.0049,0.0504,112,35.4,59.0,17.1
5,30,2,0.5,0.5,0.4746,0.5066,0.0052,0.0453,105,22.0,61.8,17.9
5,30,3,0.5,0.5,0.4729,0.5299,0.0026,0.0422,160,29.2,59.2,17.3
5,30,4,0.5,0.5,0.479,0.4459,0.0026,0.0235,140,37.0,55.7,15.1
5,30,5,0.5,0.5,0.4712,0.4907,0.0042,0.0526,130,25.1,56.7,15.3
6,30,1,0.794,0.5,0.4663,0.4352,0.0022,0.0315,26,281.3,58.5,16.3
6,30,2,0.794,0.5,0.7905,0.4989,0.0059,0.0435,155,3.0,59.1,17.8
6,30,3,0.794,0.5,0.7886,0.5832,0.0034,0.029,256,50.1,58.7,18.3
6,30,4,0.794,0.5,0.7885,0.5906,0.0031,0.0257,146,54.6,58.6,16.2
6,30,5,0.794,0.5,0.788,0.5885,0.0022,0.0145,114,53.4,59.5,17.2
7,30,1,0.206,0.778,0.1803,0.745,0.0052,0.0226,136,29.5,60.0,15.9
7,30,2,0.206,0.778,0.1814,0.7169,0.0022,0.0272,107,42.2,61.6,18.5
7,30,3,0.206,0.778,0.179,0.7135,0.0036,0.0212,103,45.0,63.4,18.3
7,30,4,0.206,0.778,0.1752,0.7469,0.003,0.0271,88,32.2,63.6,20.8
7,30,5,0.206,0.778,0.1718,0.7577,0.0044,0.0316,144,31.5,62.0,18.1
8,30,1,0.5,0.778,0.4679,0.7672,0.0062,0.0175,97,28.0,58.6,15.1
8,30,2,0.5,0.778,0.471,0.7748,0.0037,0.0156,116,24.7,61.8,18.6
8,30,3,0.5,0.778,0.4722,0.7827,0.0059,0.0157,103,23.8,57.9,14.3
8,30,4,0.5,0.778,0.4754,0.7643,0.0035,0.0325,87,22.5,60.8,16.7
8,30,5,0.5,0.778,0.4723,0.8011,0.003,0.0144,84,27.3,62.9,18.6
9,30,1,0.794,0.778,0.4704,0.7794,0.0033,0.0204,137,275.0,61.0,18.4
9,30,2,0.794,0.778,0.7799,0.8314,0.0029,0.0286,87,34.2,60.9,16.8
9,30,3,0.794,0.778,0.775,0.8521,0.0034,0.0207,114,47.3,65.1,19.0
9,30,4,0.794,0.778,0.7733,0.8481,0.0035,0.0254,91,45.6,58.8,16.6
9,30,5,0.794,0.778,0.7745,0.8075,0.0036,0.0285,52,24.3,56.9,15.2
1,50,1,0.206,0.222,0.1679,0.185,0.006,0.0184,99,39.3,59.6,16.6
1,50,2,0.206,0.222,0.1689,0.199,0.005,0.038,198,34.4,61.6,19.1
1,50,3,0.206,0.222,0.1602,0.1664,0.0093,0.0635,104,51.3,61.3,18.3
1,50,4,0.206,0.222,0.152,0.1394,0.0112,0.0782,63,67.6,60.7,19.0
1,50,5,0.206,0.222,0.1654,0.2129,0.0103,0.0706,212,34.9,56.8,13.1
2,50,1,0.5,0.222,0.45,0.2702,0.0131,0.1501,153,51.4,60.1,18.1
2,50,2,0.5,0.222,0.441,0.3156,0.0085,0.0498,132,75.3,61.3,18.1
2,50,3,0.5,0.222,0.4416,0.3128,0.0047,0.0426,131,73.7,59.0,16.6
2,50,4,0.5,0.222,0.4486,0.1877,0.0041,0.022,97,48.3,62.2,19.0
2,50,5,0.5,0.222,0.4353,0.2486,0.0086,0.0372,176,57.3,59.8,17.1
3,50,1,0.794,0.222,0.768,0.2904,0.0071,0.0631,126,46.6,59.5,16.5
3,50,2,0.794,0.222,0.768,0.3595,0.0053,0.0842,65,85.4,63.8,19.6
3,50,3,0.794,0.222,0.7756,0.2568,0.0031,0.0355,137,26.1,61.9,17.5
3,50,4,0.794,0.222,0.7692,0.3073,0.0061,0.0465,120,55.3,58.6,18.4
3,50,5,0.794,0.222,0.7648,0.3246,0.0042,0.0439,279,66.4,59.6,18.8
4,50,1,0.206,0.5,0.1477,0.32,0.0084,0.021,95,118.9,60.3,14.4
4,50,2,0.206,0.5,0.1397,0.2644,0.0038,0.0159,76,152.2,56.2,16.4
4,50,3,0.206,0.5,0.1583,0.4207,0.0031,0.082,101,62.5,62.3,18.7
4,50,4,0.206,0.5,0.1612,0.3744,0.0043,0.058,117,84.5,59.4,16.8
4,50,5,0.206,0.5,0.1587,0.4165,0.0061,0.0399,139,64.2,57.7,18.1
5,50,1,0.5,0.5,0.4367,0.4521,0.01,0.1334,176,61.0,58.1,16.1
5,50,2,0.5,0.5,0.4247,0.4636,0.0047,0.074,105,67.6,57.9,14.7
5,50,3,0.5,0.5,0.4569,0.4063,0.0061,0.0618,23,67.1,50.9,6.7
5,50,4,0.5,0.5,0.429,0.5064,0.0057,0.0333,77,60.5,56.4,14.8
5,50,5,0.5,0.5,0.4084,0.6142,0.0079,0.0608,146,103.7,57.2,17.4
6,50,1,0.794,0.5,0.791,0.5293,0.0092,0.0128,93,17.8,58.9,18.5
6,50,2,0.794,0.5,0.7853,0.5557,0.0107,0.0233,73,34.2,60.6,17.9
6,50,3,0.794,0.5,0.7824,0.5721,0.0044,0.0171,80,44.3,61.1,16.3
6,50,4,0.794,0.5,0.7748,0.561,0.0036,0.0289,132,40.0,60.6,17.7
6,50,5,0.794,0.5,0.7714,0.5211,0.0027,0.0174,134,23.0,56.7,14.8
7,50,1,0.206,0.778,0.171,0.6988,0.0103,0.0371,127,56.1,63.2,18.2
7,50,2,0.206,0.778,0.1686,0.6965,0.0043,0.0303,84,58.3,58.8,16.0
7,50,3,0.206,0.778,0.1679,0.7242,0.0041,0.0487,86,45.7,58.9,16.3
7,50,4,0.206,0.778,0.1657,0.7383,0.0061,0.0376,145,41.8,58.9,15.8
7,50,5,0.206,0.778,0.1616,0.732,0.0031,0.0318,83,46.7,59.9,16.4
8,50,1,0.5,0.778,0.4197,0.8842,0.0067,0.026,64,93.3,61.3,19.8
8,50,2,0.5,0.778,0.4332,0.7832,0.0269,0.1214,140,56.9,57.5,14.4
8,50,3,0.5,0.778,0.4248,0.8194,0.0041,0.0271,62,68.6,59.9,17.3
8,50,4,0.5,0.778,0.4657,0.8118,0.0034,0.0624,120,35.5,57.3,13.8
8,50,5,0.5,0.778,0.4794,0.8237,0.0087,0.061,207,32.5,59.4,17.5
9,50,1,0.794,0.778,0.7557,0.8085,0.0074,0.0338,91,37.4,60.1,19.5
9,50,2,0.794,0.778,0.7344,0.7298,0.0142,0.0408,141,58.3,60.8,16.7
9,50,3,0.794,0.778,0.7882,0.8351,0.0283,0.1023,270,34.6,61.4,18.8
9,50,4,0.794,0.778,0.8031,0.8405,0.0143,0.0549,110,38.3,56.8,15.6
9,50,5,0.794,0.778,0.8048,0.898,0.0088,0.0527,147,72.6,59.1,15.7
